<?xml version="1.0" encoding="utf-8"?>
<ApplicationInstallerManifest>
   <DefaultInstallationDirectory>/Applications/mt_sat_batch/</DefaultInstallationDirectory>
   <ApplicationName>mt_sat_batch</ApplicationName>
   <ExecutableName>application/ </ExecutableName>
   <GUID>cfbf3c4d-6a6f-458b-849f-5515941b90c9</GUID>
   <ApplicationIcon>default_icon_48.png</ApplicationIcon>
   <Logo>default_logo.png</Logo>
   <Version>1.0</Version>
   <InstallationNotes>In the following directions, replace MR/v94 by the directory on the target machine where MATLAB is installed, or MR by the directory where the MATLAB Runtime is installed.

If the environment variable DYLD_LIBRARY_PATH is undefined, set it to the following string:

MR/v94/runtime/maci64:MR/v94/sys/os/maci64:MR/v94/bin/maci64

If it is defined, set it to the following:

${DYLD_LIBRARY_PATH}:MR/v94/runtime/maci64:MR/v94/sys/os/maci64:MR/v94/bin/maci64

You must have Python 2.7, 3.5, and/or 3.6 on your machine to install this package. Go to the directory to which setup.py and your package have been written. Then execute:

        python setup.py install [options]

For details, see the readme.txt distributed with this package.
</InstallationNotes>
   <WelcomePanelText>mt_sat_batch 1.0</WelcomePanelText>
   <MCRProducts>
      <MCRProduct>
         <ExternalProductIdentifier>35000</ExternalProductIdentifier>
      </MCRProduct>
      <MCRProduct>
         <ExternalProductIdentifier>35010</ExternalProductIdentifier>
      </MCRProduct>
   </MCRProducts>
</ApplicationInstallerManifest>